Model_ID,image_size,learning_rate,type,size_MB,dtype,total_params,trainable_params,total_params_and_buffers,peak_activation_kb,accuracy_%,latency_single_ms,latency_batch64_ms,precision_%,recall_%,f1_%,cm_tn,cm_fp,cm_fn,cm_tp
kan o 16-4 WM 1.0,112,0.003,original,3.624,float32,937688.0,937280.0,937688.0,6240.7,83.15,12.62,0.857,83.51,83.15,83.11,2649.0,351.0,660.0,2340.0
kan t 16-4 WM 1.0,112,0.003,tflite,1.25,int8,940201.0,0.0,6582827.0,392.0,82.33,3.09,3.063,82.94,82.33,82.25,2673.0,327.0,733.0,2267.0
kan o 16-4 WM 0.334,224,0.003,original,0.5,float32,126992.0,126584.0,126992.0,8913.0,85.28,10.56,0.406,85.41,85.28,85.27,2647.0,353.0,530.0,2470.0
kan t 16-4 WM 0.334,224,0.003,tflite,0.282,int8,126061.0,0.0,2381421.0,196.0,84.28,0.58,0.565,84.41,84.28,84.27,2436.0,564.0,379.0,2621.0
kan o 16-4 WM 0.5,224,0.003,original,1.025,float32,262368.0,261960.0,262368.0,12490.2,87.37,11.0,0.487,87.51,87.37,87.35,2715.0,285.0,473.0,2527.0
kan h 16-4 WM 0.5,224,0.003,hybrid,0.417,int8+float32,262368.0,0.0,262368.0,12490.2,87.38,10.85,0.489,87.49,87.38,87.37,2701.0,299.0,458.0,2542.0
kan t 16-4 WM 0.5,224,0.003,tflite,0.496,int8,263191.0,0.0,3441271.0,196.0,86.48,1.78,1.75,86.51,86.48,86.48,2555.0,445.0,366.0,2634.0
kan o 16-4 WM 0.668,224,0.003,original,1.707,float32,439128.0,438720.0,439128.0,17629.2,87.58,10.97,0.67,87.67,87.58,87.58,2699.0,301.0,444.0,2556.0
kan h 16-4 WM 0.668,224,0.003,hybrid,0.599,int8+float32,439128.0,0.0,439128.0,17629.2,87.7,10.81,0.657,87.8,87.7,87.69,2710.0,290.0,448.0,2552.0
kan t 16-4 WM 0.668,224,0.003,tflite,0.701,int8,439015.0,0.0,4948751.0,392.0,87.47,2.44,2.378,87.47,87.47,87.47,2626.0,374.0,378.0,2622.0
kan o 16-4 WM 0.75,224,0.003,original,2.175,float32,560752.0,560344.0,560752.0,19580.4,88.32,12.11,0.722,88.49,88.32,88.3,2750.0,250.0,451.0,2549.0
kan h 16-4 WM 0.75,224,0.003,hybrid,0.719,int8+float32,560752.0,0.0,560752.0,19580.4,88.32,12.06,0.742,88.46,88.32,88.31,2742.0,258.0,443.0,2557.0
kan t 16-4 WM 0.75,224,0.003,tflite,0.837,int8,560967.0,0.0,5466727.0,392.0,86.67,2.7,2.63,86.7,86.67,86.66,2557.0,443.0,357.0,2643.0
kan o 16-4 WM 1.0,224,0.003,original,3.624,float32,937688.0,937280.0,937688.0,23901.7,88.92,11.86,0.92,89.06,88.92,88.91,2758.0,242.0,423.0,2577.0
kan h 16-4 WM 1.0,224,0.003,hybrid,1.098,int8+float32,937688.0,0.0,937688.0,23901.7,88.83,11.89,0.867,89.02,88.83,88.82,2768.0,232.0,438.0,2562.0
kan t 16-4 WM 1.0,224,0.003,tflite,1.174,int8,930745.0,0.0,6680477.0,392.0,86.2,1.37,1.381,86.69,86.2,86.15,2413.0,587.0,241.0,2759.0
kan o 16-4 WM 0.334,96,0.001,original,0.5,float32,126992.0,126584.0,126992.0,1648.0,80.35,9.81,0.419,82.23,80.35,80.06,2773.0,227.0,952.0,2048.0
kan o 16-4 WM 0.75,96,0.001,original,2.175,float32,560752.0,560344.0,560752.0,3620.4,82.62,11.63,0.741,83.8,82.62,82.46,2759.0,241.0,802.0,2198.0
kan h 16-4 WM 0.75,96,0.001,hybrid,0.719,int8+float32,560752.0,0.0,560752.0,3620.4,82.37,11.72,0.747,83.72,82.37,82.19,2772.0,228.0,830.0,2170.0
kan o 16-4 WM 1.0,96,0.001,original,3.624,float32,937688.0,937280.0,937688.0,4421.7,85.77,12.0,0.917,85.91,85.77,85.75,2667.0,333.0,521.0,2479.0
kan h 16-4 WM 1.0,96,0.001,hybrid,1.098,int8+float32,937688.0,0.0,937688.0,4421.7,85.7,11.82,0.859,85.83,85.7,85.69,2663.0,337.0,521.0,2479.0
kan o 16-4 WM 0.334,96,0.003,original,0.5,float32,126992.0,126584.0,126992.0,1648.0,81.22,10.27,0.394,83.0,81.22,80.96,2785.0,215.0,912.0,2088.0
kan t 16-4 WM 0.334,96,0.003,tflite,0.331,int8,129306.0,0.0,1720243.0,144.0,84.47,0.43,0.401,84.78,84.47,84.43,2676.0,324.0,608.0,2392.0
kan o 16-4 WM 0.5,96,0.003,original,1.025,float32,262368.0,261960.0,262368.0,2310.2,85.3,10.85,0.486,85.5,85.3,85.28,2672.0,328.0,554.0,2446.0
kan h 16-4 WM 0.5,96,0.003,hybrid,0.417,int8+float32,262368.0,0.0,262368.0,2310.2,75.65,10.98,0.524,78.6,75.65,75.01,2751.0,249.0,1212.0,1788.0
kan t 16-4 WM 0.5,96,0.003,tflite,0.419,int8,258457.0,0.0,2367841.0,144.0,81.6,0.51,0.463,83.01,81.6,81.4,2138.0,862.0,242.0,2758.0
kan o 16-4 WM 1.0,96,0.003,original,3.624,float32,937688.0,937280.0,937688.0,4421.7,78.52,11.77,0.85,79.35,78.52,78.36,2608.0,392.0,897.0,2103.0
kan h 16-4 WM 1.0,96,0.003,hybrid,1.098,int8+float32,937688.0,0.0,937688.0,4421.7,78.42,12.09,0.885,79.48,78.42,78.22,2637.0,363.0,932.0,2068.0
kan t 16-4 WM 1.0,96,0.003,tflite,1.25,int8,936553.0,0.0,5102091.0,288.0,79.5,2.33,2.286,80.68,79.5,79.3,2679.0,321.0,909.0,2091.0
kan o 24-16 WM 0.25,224,0.003,original,0.359,float32,90888.0,89504.0,90888.0,7924.1,84.55,22.85,0.611,84.67,84.55,84.54,2625.0,375.0,552.0,2448.0
kan o 24-16 WM 0.334,224,0.003,original,0.529,float32,134344.0,132960.0,134344.0,8913.2,85.23,22.66,0.593,85.33,85.23,85.22,2634.0,366.0,520.0,2480.0
kan t 24-16 WM 0.334,224,0.003,tflite,0.367,int8,141485.0,0.0,2578719.0,196.0,84.22,1.38,1.368,84.26,84.22,84.21,2472.0,528.0,419.0,2581.0
kan o 24-16 WM 0.5,224,0.003,original,1.056,float32,270488.0,269104.0,270488.0,12490.5,86.82,23.39,0.69,86.98,86.82,86.8,2704.0,296.0,495.0,2505.0
kan t 24-16 WM 0.5,224,0.003,tflite,0.535,int8,278391.0,0.0,3471447.0,196.0,86.2,1.8,1.782,86.23,86.2,86.2,2543.0,457.0,371.0,2629.0
kan o 24-16 WM 0.75,224,0.003,original,2.21,float32,570024.0,568640.0,570024.0,19580.7,88.0,25.8,0.923,88.05,88.0,88.0,2695.0,305.0,415.0,2585.0
kan t 24-16 WM 0.75,224,0.003,tflite,0.877,int8,577373.0,0.0,5498055.0,392.0,87.6,2.74,2.648,87.6,87.6,87.6,2628.0,372.0,372.0,2628.0
kan o 24-16 WM 1.0,224,0.003,original,3.663,float32,948112.0,946728.0,948112.0,23901.9,88.58,25.73,1.09,88.66,88.58,88.58,2726.0,274.0,411.0,2589.0
kan h 24-16 WM 1.0,224,0.003,hybrid,1.138,int8+float32,948112.0,0.0,948112.0,23901.9,88.55,25.18,1.094,88.65,88.55,88.54,2732.0,268.0,419.0,2581.0
kan o 24-16 WM 0.25,224,0.003,original,0.359,float32,90888.0,89504.0,90888.0,7924.1,84.98,21.85,0.603,85.21,84.98,84.96,2669.0,331.0,570.0,2430.0
kan o 24-16 WM 0.5,96,0.001,original,1.056,float32,270488.0,269104.0,270488.0,2310.5,81.67,23.05,0.7,82.07,81.67,81.61,2619.0,381.0,719.0,2281.0
kan h 24-16 WM 0.5,96,0.001,hybrid,0.448,int8+float32,270488.0,0.0,270488.0,2310.5,81.4,23.24,0.683,82.06,81.4,81.3,2658.0,342.0,774.0,2226.0
kan t 24-16 WM 0.5,96,0.001,tflite,0.535,int8,276239.0,0.0,2443611.0,144.0,82.8,1.25,1.173,82.82,82.8,82.8,2520.0,480.0,552.0,2448.0
kan o 24-16 WM 0.668,96,0.001,original,1.741,float32,448016.0,446632.0,448016.0,3259.5,84.55,24.01,0.891,84.6,84.55,84.54,2481.0,519.0,408.0,2592.0
kan h 24-16 WM 0.668,96,0.001,hybrid,0.633,int8+float32,448016.0,0.0,448016.0,3259.5,84.65,23.83,0.905,84.7,84.65,84.64,2483.0,517.0,404.0,2596.0
kan t 24-16 WM 0.668,96,0.001,tflite,0.741,int8,452567.0,0.0,3600995.0,288.0,84.72,2.54,1.674,84.72,84.72,84.72,2552.0,448.0,469.0,2531.0
kan o 24-16 WM 0.75,96,0.001,original,2.21,float32,570024.0,568640.0,570024.0,3620.7,84.22,24.3,0.926,84.68,84.22,84.16,2700.0,300.0,647.0,2353.0
kan h 24-16 WM 0.75,96,0.001,hybrid,0.755,int8+float32,570024.0,0.0,570024.0,3620.7,84.03,24.23,0.92,84.39,84.03,83.99,2674.0,326.0,632.0,2368.0
kan t 24-16 WM 0.75,96,0.001,tflite,0.877,int8,577089.0,0.0,4015187.0,288.0,84.52,1.89,1.838,84.72,84.52,84.49,2649.0,351.0,578.0,2422.0
kan o 24-16 WM 1.0,96,0.001,original,3.663,float32,948112.0,946728.0,948112.0,4421.9,84.45,23.93,1.058,84.66,84.45,84.43,2649.0,351.0,582.0,2418.0
kan h 24-16 WM 1.0,96,0.001,hybrid,1.138,int8+float32,948112.0,0.0,948112.0,4421.9,84.5,40.27,2.068,84.76,84.5,84.47,2665.0,335.0,595.0,2405.0
kan t 24-16 WM 1.0,96,0.001,tflite,1.292,int8,950690.0,0.0,5134571.0,288.0,84.73,2.75,2.181,84.77,84.73,84.73,2589.0,411.0,505.0,2495.0
kan o 32-16 WM 0.5,224,0.003,original,1.073,float32,274960.0,273224.0,274960.0,12490.6,86.93,28.08,0.736,87.03,86.93,86.92,2685.0,315.0,469.0,2531.0
kan t 32-16 WM 0.5,224,0.003,tflite,0.552,int8,282236.0,0.0,3484631.0,196.0,84.27,1.82,1.821,84.49,84.27,84.24,2406.0,594.0,350.0,2650.0
kan o 32-16 WM 0.668,224,0.003,original,1.761,float32,453256.0,451520.0,453256.0,17629.6,87.53,82.0,1.972,87.66,87.53,87.52,2714.0,286.0,462.0,2538.0
kan t 32-16 WM 0.668,224,0.003,tflite,0.759,int8,462860.0,0.0,4993647.0,392.0,87.1,5.26,2.438,87.11,87.1,87.1,2632.0,368.0,406.0,2594.0
kan o 32-16 WM 0.75,224,0.003,original,2.232,float32,575648.0,573912.0,575648.0,19580.9,87.58,67.49,0.98,87.72,87.58,87.57,2718.0,282.0,463.0,2537.0
kan h 32-16 WM 0.75,224,0.003,hybrid,0.777,int8+float32,575648.0,0.0,575648.0,19580.9,87.55,28.36,0.984,87.66,87.55,87.54,2708.0,292.0,455.0,2545.0
kan t 32-16 WM 0.75,224,0.003,tflite,0.896,int8,583978.0,0.0,5512391.0,392.0,86.83,2.72,2.686,86.85,86.83,86.83,2570.0,430.0,360.0,2640.0
kan o 32-16 WM 1.0,224,0.003,original,3.689,float32,954888.0,953152.0,954888.0,23902.1,88.47,28.92,1.123,88.58,88.47,88.46,2734.0,266.0,426.0,2574.0
kan h 32-16 WM 1.0,224,0.003,hybrid,1.164,int8+float32,954888.0,0.0,954888.0,23902.1,88.57,28.88,1.101,88.67,88.57,88.56,2735.0,265.0,421.0,2579.0
kan t 32-16 WM 1.0,224,0.003,tflite,1.311,int8,959401.0,0.0,6896919.0,392.0,87.95,5.02,8.473,87.98,87.95,87.95,2597.0,403.0,320.0,2680.0
kan o 32-16 WM 1.0,96,0.0005,original,3.689,float32,954888.0,953152.0,954888.0,4422.1,79.43,84.89,2.239,79.43,79.43,79.43,2373.0,627.0,607.0,2393.0
kan o 32-16 WM 0.75,96,0.001,original,2.232,float32,575648.0,573912.0,575648.0,3620.9,84.6,85.63,2.122,85.13,84.6,84.54,2723.0,277.0,647.0,2353.0
kan h 32-16 WM 0.75,96,0.001,hybrid,0.777,int8+float32,575648.0,0.0,575648.0,3620.9,84.55,84.58,2.095,85.08,84.55,84.49,2721.0,279.0,648.0,2352.0
kan t 32-16 WM 0.75,96,0.001,tflite,0.896,int8,581687.0,0.0,4029523.0,288.0,84.93,4.23,4.443,85.03,84.93,84.92,2626.0,374.0,530.0,2470.0
kan o 32-16 WM 1.0,96,0.001,original,3.689,float32,954888.0,953152.0,954888.0,4422.1,86.23,85.47,2.316,86.56,86.23,86.2,2728.0,272.0,554.0,2446.0
kan h 32-16 WM 1.0,96,0.001,hybrid,1.164,int8+float32,954888.0,0.0,954888.0,4422.1,85.97,85.07,2.311,86.31,85.97,85.93,2724.0,276.0,566.0,2434.0
kan t 32-16 WM 1.0,96,0.001,tflite,1.311,int8,959326.0,0.0,5150059.0,288.0,85.75,3.62,2.284,85.75,85.75,85.75,2587.0,413.0,442.0,2558.0
kan o 32-16 WM 0.5,96,0.003,original,1.073,float32,274960.0,273224.0,274960.0,2310.6,77.58,28.49,0.73,78.29,77.58,77.44,2565.0,435.0,910.0,2090.0
kan h 32-16 WM 0.5,96,0.003,hybrid,0.466,int8+float32,274960.0,0.0,274960.0,2310.6,77.42,28.47,0.743,78.43,77.42,77.21,2606.0,394.0,961.0,2039.0
kan o 32-16 WM 1.0,96,0.003,original,3.689,float32,954888.0,953152.0,954888.0,4422.1,79.45,29.59,1.172,79.46,79.45,79.45,2413.0,587.0,646.0,2354.0
kan o 32-24-16 WM 0.25,224,0.003,original,0.413,float32,104832.0,101432.0,104832.0,7924.4,84.9,92.38,2.706,85.0,84.9,84.89,2629.0,371.0,535.0,2465.0
kan t 32-24-16 WM 0.25,224,0.003,tflite,0.395,int8,119459.0,0.0,2318277.0,196.0,84.28,1.47,1.249,84.33,84.28,84.28,2476.0,524.0,419.0,2581.0
kan o 32-24-16 WM 0.334,224,0.003,original,0.583,float32,148672.0,145272.0,148672.0,8913.5,84.62,49.44,1.067,84.77,84.62,84.6,2638.0,362.0,561.0,2439.0
kan t 32-24-16 WM 0.334,224,0.003,tflite,0.453,int8,175771.0,0.0,2631197.0,196.0,84.08,1.43,1.399,84.14,84.08,84.08,2584.0,416.0,539.0,2461.0
kan o 32-24-16 WM 0.5,224,0.003,original,1.113,float32,285584.0,282184.0,285584.0,12490.7,86.77,50.39,1.154,86.93,86.77,86.75,2703.0,297.0,497.0,2503.0
kan t 32-24-16 WM 0.5,224,0.003,tflite,0.622,int8,300572.0,0.0,3524693.0,196.0,86.32,1.85,1.765,86.32,86.32,86.32,2574.0,426.0,395.0,2605.0
kan o 32-24-16 WM 0.75,224,0.003,original,2.272,float32,586272.0,582872.0,586272.0,19581.0,87.85,51.61,1.366,88.04,87.85,87.83,2742.0,258.0,471.0,2529.0
kan t 32-24-16 WM 0.75,224,0.003,tflite,0.965,int8,597697.0,0.0,5552453.0,392.0,87.65,3.94,7.397,87.65,87.65,87.65,2628.0,372.0,369.0,2631.0
kan o 32-24-16 WM 1.0,224,0.003,original,3.73,float32,965512.0,962112.0,965512.0,23902.2,88.67,51.94,1.532,88.85,88.67,88.65,2764.0,236.0,444.0,2556.0
kan h 32-24-16 WM 1.0,224,0.003,hybrid,1.208,int8+float32,965512.0,0.0,965512.0,23902.2,88.72,52.01,1.474,88.9,88.72,88.7,2764.0,236.0,441.0,2559.0
kan t 32-24-16 WM 1.0,224,0.003,tflite,1.38,int8,977964.0,0.0,6936981.0,392.0,87.77,3.36,3.26,87.79,87.77,87.76,2593.0,407.0,327.0,2673.0
kan o 32-24-16 WM 0.5,96,0.001,original,1.113,float32,285584.0,282184.0,285584.0,2310.7,82.12,50.82,1.237,82.7,82.12,82.04,2664.0,336.0,737.0,2263.0
kan o 32-24-16 WM 0.75,96,0.001,original,2.272,float32,586272.0,582872.0,586272.0,3621.0,84.03,52.28,1.373,84.89,84.03,83.93,2756.0,244.0,714.0,2286.0
kan h 32-24-16 WM 0.75,96,0.001,hybrid,0.821,int8+float32,586272.0,0.0,586272.0,3621.0,83.87,52.24,1.447,84.69,83.87,83.77,2747.0,253.0,715.0,2285.0
kan t 32-24-16 WM 0.75,96,0.001,tflite,0.965,int8,597810.0,0.0,4069585.0,288.0,85.25,2.01,1.945,85.33,85.25,85.24,2631.0,369.0,516.0,2484.0
kan o 32-24-16 WM 1.0,96,0.001,original,3.73,float32,965512.0,962112.0,965512.0,4422.2,85.47,51.75,1.479,85.59,85.47,85.45,2652.0,348.0,524.0,2476.0
kan h 32-24-16 WM 1.0,96,0.001,hybrid,1.208,int8+float32,965512.0,0.0,965512.0,4422.2,85.22,52.55,1.554,85.31,85.22,85.21,2632.0,368.0,519.0,2481.0
kan t 32-24-16 WM 1.0,96,0.001,tflite,1.38,int8,974658.0,0.0,5190121.0,288.0,84.85,4.41,5.197,84.9,84.85,84.84,2488.0,512.0,397.0,2603.0
kan o 48-32-24-16 WM 0.5,224,0.003,original,1.228,float32,315520.0,308344.0,315520.0,12491.2,87.05,320.29,5.424,87.11,87.05,87.04,2671.0,329.0,448.0,2552.0
kan o 48-32-24-16 WM 0.75,224,0.003,original,2.395,float32,618512.0,611336.0,618512.0,19581.5,87.85,323.78,5.337,87.95,87.85,87.84,2714.0,286.0,443.0,2557.0
kan o 48-32-24-16 WM 0.5,224,0.002,original,1.228,float32,315520.0,308344.0,315520.0,12491.2,75.62,101.92,2.062,76.54,75.62,75.4,2549.0,451.0,1012.0,1988.0
kan o 64-32-24-16 WM 0.75,224,0.003,original,2.454,float32,633856.0,625464.0,633856.0,19581.8,87.6,121.77,2.558,87.67,87.6,87.59,2692.0,308.0,436.0,2564.0
kan h 64-32-24-16 WM 0.75,224,0.003,hybrid,1.008,int8+float32,633856.0,0.0,633856.0,19581.8,87.35,121.75,3.087,87.42,87.35,87.34,2686.0,314.0,445.0,2555.0
kan t 64-32-24-16 WM 0.75,224,0.003,tflite,1.133,int8,661888.0,0.0,5682995.0,392.0,85.95,3.11,2.985,85.99,85.95,85.95,2526.0,474.0,369.0,2631.0
kan o 64-32-24-16 WM 1.0,224,0.003,original,3.929,float32,1017704.0,1009312.0,1017704.0,23903.1,88.77,124.98,2.815,88.86,88.77,88.76,2736.0,264.0,410.0,2590.0
kan h 64-32-24-16 WM 1.0,224,0.003,hybrid,1.412,int8+float32,1017704.0,0.0,1017704.0,23903.1,88.6,123.78,2.745,88.67,88.6,88.59,2724.0,276.0,408.0,2592.0
kan t 64-32-24-16 WM 1.0,224,0.003,tflite,1.553,int8,1042751.0,0.0,7072131.0,392.0,87.65,3.61,3.509,87.7,87.65,87.65,2574.0,426.0,315.0,2685.0
kan o 64-32-24-16 WM 1.0,96,0.001,original,3.929,float32,1017704.0,1009312.0,1017704.0,4423.1,84.28,122.94,2.658,84.54,84.28,84.25,2658.0,342.0,601.0,2399.0
kan h 64-32-24-16 WM 1.0,96,0.001,hybrid,1.412,int8+float32,1017704.0,0.0,1017704.0,4423.1,84.33,122.66,2.726,84.57,84.33,84.31,2655.0,345.0,595.0,2405.0
kan t 64-32-24-16 WM 1.0,96,0.001,tflite,1.552,int8,1056525.0,0.0,5325271.0,288.0,85.52,2.55,2.493,85.63,85.52,85.5,2651.0,349.0,520.0,2480.0
kan o 64-32-24-16 WM 1.0,96,0.003,original,3.929,float32,1017704.0,1009312.0,1017704.0,4423.1,77.53,122.79,2.708,78.19,77.53,77.4,2097.0,903.0,445.0,2555.0
kan o 8-2 WM 1.0,224,0.003,original,3.602,float32,932096.0,931920.0,932096.0,23901.5,88.3,9.74,0.839,88.42,88.3,88.29,2732.0,268.0,434.0,2566.0
kan o 8-4 WM 1.0,224,0.003,original,3.604,float32,932448.0,932200.0,932448.0,23901.5,88.8,10.47,0.842,88.92,88.8,88.79,2749.0,251.0,421.0,2579.0
kan o 8-8 WM 1.0,224,0.003,original,3.606,float32,933152.0,932760.0,933152.0,23901.5,88.63,11.82,0.865,88.81,88.63,88.62,2759.0,241.0,441.0,2559.0
kan o mlp_16_4_grid5_deg3_img96_bs256_lr0.003_wd1e-05_do0.05_mobilenetv3_small_wm0.334,96,0.003,original,1.677,float32,,,,,,,,,,,,,,
kan t mlp_16_4_grid5_deg3_img96_bs256_lr0.003_wd1e-05_do0.05_mobilenetv3_small_wm0.334,96,0.003,tflite,0.251,int8,123610.0,0.0,1672602.0,144.0,83.5,0.36,0.361,84.04,83.5,83.43,2694.0,306.0,684.0,2316.0
kan o mlp_16_4_grid5_deg3_img96_bs256_lr0.003_wd1e-05_do0.05_mobilenetv3_small_wm1.0,96,0.003,original,10.985,float32,,,,,,,,,,,,,,
kan t mlp_16_4_grid5_deg3_img96_bs256_lr0.003_wd1e-05_do0.05_mobilenetv3_small_wm1.0,96,0.003,tflite,1.172,int8,932018.0,0.0,5054450.0,288.0,86.22,0.94,0.936,86.31,86.22,86.21,2663.0,337.0,490.0,2510.0
