Model_ID,type,size_MB,dtype,total_params,trainable_params,total_params_and_buffers,peak_activation_kb,accuracy_%,latency_single_ms,precision_%,recall_%,f1_%,cm_tn,cm_fp,cm_fn,cm_tp
kan o 16-4 WM 0.5,original,1.025,float32,262368.0,261960.0,262368.0,12490.2,87.37,34.75,87.51,87.37,87.35,2715.0,285.0,473.0,2527.0
kan h 16-4 WM 0.5,hybrid,0.417,int8+float32,262368.0,0.0,262368.0,12490.2,87.38,30.83,87.49,87.38,87.37,2701.0,299.0,458.0,2542.0
kan t 16-4 WM 0.5,tflite,0.496,int8,263191.0,0.0,3441271.0,3103.6,86.48,1.76,86.51,86.48,86.48,2555.0,445.0,366.0,2634.0
kan o 16-4 WM 0.668,original,1.707,float32,439128.0,438720.0,439128.0,17629.2,87.58,33.63,87.67,87.58,87.58,2699.0,301.0,444.0,2556.0
kan h 16-4 WM 0.668,hybrid,0.599,int8+float32,439128.0,0.0,439128.0,17629.2,87.7,31.62,87.8,87.7,87.69,2710.0,290.0,448.0,2552.0
kan t 16-4 WM 0.668,tflite,0.701,int8,439015.0,0.0,4948751.0,4404.0,87.47,2.41,87.47,87.47,87.47,2626.0,374.0,378.0,2622.0
kan o 16-4 WM 0.75,original,2.175,float32,560752.0,560344.0,560752.0,19580.4,88.32,33.66,88.49,88.32,88.3,2750.0,250.0,451.0,2549.0
kan h 16-4 WM 0.75,hybrid,0.719,int8+float32,560752.0,0.0,560752.0,19580.4,88.32,29.54,88.46,88.32,88.31,2742.0,258.0,443.0,2557.0
kan t 16-4 WM 0.75,tflite,0.837,int8,560967.0,0.0,5466727.0,4790.8,86.67,2.72,86.7,86.67,86.66,2557.0,443.0,357.0,2643.0
kan o 16-4 WM 1.0,original,3.624,float32,937688.0,937280.0,937688.0,23901.7,88.92,40.66,89.06,88.92,88.91,2758.0,242.0,423.0,2577.0
kan h 16-4 WM 1.0,hybrid,1.098,int8+float32,937688.0,0.0,937688.0,23901.7,88.83,37.44,89.02,88.83,88.82,2768.0,232.0,438.0,2562.0
kan t 16-4 WM 1.0,tflite,1.25,int8,936701.0,0.0,6848951.0,5773.7,88.32,3.18,88.5,88.32,88.3,2752.0,248.0,453.0,2547.0
kan o 24-16 WM 0.25,original,1.275,float32,,,,,,,,,,,,,
kan t 24-16 WM 0.25,tflite,0.309,int8,98104.0,0.0,2266183.0,2117.3,83.77,1.19,83.78,83.77,83.76,2482.0,518.0,456.0,2544.0
kan o 24-16 WM 0.334,original,1.777,float32,,,,,,,,,,,,,
kan t 24-16 WM 0.334,tflite,0.367,int8,141485.0,0.0,2578719.0,2380.1,84.22,1.38,84.26,84.22,84.21,2472.0,528.0,419.0,2581.0
kan o 24-16 WM 0.5,original,3.341,float32,,,,,,,,,,,,,
kan t 24-16 WM 0.5,tflite,0.535,int8,278391.0,0.0,3471447.0,3118.2,86.2,1.79,86.23,86.2,86.2,2543.0,457.0,371.0,2629.0
kan o 24-16 WM 0.75,original,6.779,float32,,,,,,,,,,,,,
kan t 24-16 WM 0.75,tflite,0.877,int8,577373.0,0.0,5498055.0,4805.4,87.6,2.68,87.6,87.6,87.6,2628.0,372.0,372.0,2628.0
kan o 24-16 WM 1.0,original,3.663,float32,948112.0,946728.0,948112.0,23901.9,88.58,56.71,88.66,88.58,88.58,2726.0,274.0,411.0,2589.0
kan h 24-16 WM 1.0,hybrid,1.138,int8+float32,948112.0,0.0,948112.0,23901.9,88.55,60.3,88.65,88.55,88.54,2732.0,268.0,419.0,2581.0
kan t 24-16 WM 1.0,tflite,1.292,int8,954945.0,0.0,6881431.0,5787.6,88.03,3.28,88.07,88.03,88.03,2687.0,313.0,405.0,2595.0
kan o 24-16 WM 0.25,original,1.273,float32,,,,,,,,,,,,,
kan o 32-16 WM 0.5,original,1.073,float32,274960.0,273224.0,274960.0,12490.6,86.93,54.57,87.03,86.93,86.92,2685.0,315.0,469.0,2531.0
kan t 32-16 WM 0.5,tflite,0.552,int8,282236.0,0.0,3484631.0,3127.3,84.27,1.86,84.49,84.27,84.24,2406.0,594.0,350.0,2650.0
kan o 32-16 WM 0.668,original,1.761,float32,453256.0,451520.0,453256.0,17629.6,87.53,51.98,87.66,87.53,87.52,2714.0,286.0,462.0,2538.0
kan t 32-16 WM 0.668,tflite,0.759,int8,462860.0,0.0,4993647.0,4424.6,87.1,2.8,87.11,87.1,87.1,2632.0,368.0,406.0,2594.0
kan o 32-16 WM 0.75,original,2.232,float32,575648.0,573912.0,575648.0,19580.9,87.58,56.63,87.72,87.58,87.57,2718.0,282.0,463.0,2537.0
kan h 32-16 WM 0.75,hybrid,0.777,int8+float32,575648.0,0.0,575648.0,19580.9,87.55,55.79,87.66,87.55,87.54,2708.0,292.0,455.0,2545.0
kan t 32-16 WM 0.75,tflite,0.896,int8,583978.0,0.0,5512391.0,4812.9,86.83,2.9,86.85,86.83,86.83,2570.0,430.0,360.0,2640.0
kan o 32-16 WM 1.0,original,3.689,float32,954888.0,953152.0,954888.0,23902.1,88.47,58.2,88.58,88.47,88.46,2734.0,266.0,426.0,2574.0
kan h 32-16 WM 1.0,hybrid,1.164,int8+float32,954888.0,0.0,954888.0,23902.1,88.57,58.16,88.67,88.57,88.56,2735.0,265.0,421.0,2579.0
kan t 32-16 WM 1.0,tflite,1.311,int8,959401.0,0.0,6896919.0,5798.4,87.95,3.39,87.98,87.95,87.95,2597.0,403.0,320.0,2680.0
kan o 32-24-16 WM 0.25,original,1.427,float32,,,,,,,,,,,,,
kan t 32-24-16 WM 0.25,tflite,0.395,int8,119459.0,0.0,2318277.0,2147.3,84.28,1.38,84.33,84.28,84.28,2476.0,524.0,419.0,2581.0
kan o 32-24-16 WM 0.334,original,1.934,float32,,,,,,,,,,,,,
kan t 32-24-16 WM 0.334,tflite,0.453,int8,175771.0,0.0,2631197.0,2397.9,84.08,1.54,84.14,84.08,84.08,2584.0,416.0,539.0,2461.0
kan o 32-24-16 WM 0.5,original,3.507,float32,,,,,,,,,,,,,
kan t 32-24-16 WM 0.5,tflite,0.622,int8,300572.0,0.0,3524693.0,3148.6,86.32,1.96,86.32,86.32,86.32,2574.0,426.0,395.0,2605.0
kan o 32-24-16 WM 0.75,original,2.272,float32,586272.0,582872.0,586272.0,19581.0,87.85,86.66,88.04,87.85,87.83,2742.0,258.0,471.0,2529.0
kan t 32-24-16 WM 0.75,tflite,0.965,int8,597697.0,0.0,5552453.0,4838.6,87.65,2.81,87.65,87.65,87.65,2628.0,372.0,369.0,2631.0
kan o 32-24-16 WM 1.0,original,3.73,float32,965512.0,962112.0,965512.0,23902.2,88.67,90.0,88.85,88.67,88.65,2764.0,236.0,444.0,2556.0
kan h 32-24-16 WM 1.0,hybrid,1.208,int8+float32,965512.0,0.0,965512.0,23902.2,88.72,90.45,88.9,88.72,88.7,2764.0,236.0,441.0,2559.0
kan t 32-24-16 WM 1.0,tflite,1.38,int8,977964.0,0.0,6936981.0,5819.4,87.77,3.49,87.79,87.77,87.76,2593.0,407.0,327.0,2673.0
kan o 48-32-24-16 WM 0.5,original,3.83,float32,,,,,,,,,,,,,
kan o 48-32-24-16 WM 0.75,original,7.308,float32,,,,,,,,,,,,,
kan o 48-32-24-16 WM 0.5,original,3.82,float32,,,,,,,,,,,,,
kan o 64-32-24-16 WM 0.75,original,2.454,float32,633856.0,625464.0,633856.0,19581.8,87.6,169.54,87.67,87.6,87.59,2692.0,308.0,436.0,2564.0
kan h 64-32-24-16 WM 0.75,hybrid,1.008,int8+float32,633856.0,0.0,633856.0,19581.8,87.35,168.52,87.42,87.35,87.34,2686.0,314.0,445.0,2555.0
kan t 64-32-24-16 WM 0.75,tflite,1.133,int8,661888.0,0.0,5682995.0,4903.4,85.95,3.01,85.99,85.95,85.95,2526.0,474.0,369.0,2631.0
kan o 64-32-24-16 WM 1.0,original,3.929,float32,1017704.0,1009312.0,1017704.0,23903.1,88.77,170.59,88.86,88.77,88.76,2736.0,264.0,410.0,2590.0
kan h 64-32-24-16 WM 1.0,hybrid,1.412,int8+float32,1017704.0,0.0,1017704.0,23903.1,88.6,171.42,88.67,88.6,88.59,2724.0,276.0,408.0,2592.0
kan t 64-32-24-16 WM 1.0,tflite,1.553,int8,1042751.0,0.0,7072131.0,5888.1,87.65,3.72,87.7,87.65,87.65,2574.0,426.0,315.0,2685.0
kan o 8-2 WM 1.0,original,3.602,float32,932096.0,931920.0,932096.0,23901.5,88.3,21.87,88.42,88.3,88.29,2732.0,268.0,434.0,2566.0
kan o 8-4 WM 1.0,original,3.604,float32,932448.0,932200.0,932448.0,23901.5,88.8,27.22,88.92,88.8,88.79,2749.0,251.0,421.0,2579.0
kan o 8-8 WM 1.0,original,3.606,float32,933152.0,932760.0,933152.0,23901.5,88.63,32.21,88.81,88.63,88.62,2759.0,241.0,441.0,2559.0
